City,Latitude,Longitude,Max Temperature (F),Humidity,Cloudiness,Wind Speed (mph),Country,Date
Qaanaaq,77.484,-69.3632,42.87,69,100,13.02,GL,1660426667
Cootamundra,-34.65,148.0333,43.11,95,100,7.36,AU,1660426967
Rikitea,-23.1203,-134.9692,72.91,79,49,22.21,PF,1660426829
São José da Coroa Grande,-8.8978,-35.1478,74.62,70,75,13.27,BR,1660426970
Tubualá,9.5167,-79.0333,81.37,78,100,1.05,PA,1660426972
Punta Arenas,-53.15,-70.9167,35.71,93,100,16.11,CL,1660426892
Ushuaia,-54.8,-68.3,38.86,45,0,13.8,AR,1660426826
Pesnica pri Mariboru,46.6069,15.6767,61.9,83,91,1.14,SI,1660426977
Bowen,-20.0167,148.2333,66.51,70,0,7.65,AU,1660426733
Bluff,-46.6,168.3333,47.59,75,11,20.45,NZ,1660426786
Salalah,17.0151,54.0924,73.49,100,100,3.44,OM,1660426981
Puerto Colombia,10.9878,-74.9547,86.09,75,93,6.35,CO,1660426983
Lüderitz,-26.6481,15.1594,53.53,79,16,7.61,NA,1660426985
Hermanus,-34.4187,19.2345,52.81,71,41,23.73,ZA,1660426841
Atuona,-9.8,-139.0333,77.43,72,11,19.46,PF,1660426620
Haines Junction,60.7522,-137.5108,71.55,46,72,9.22,CA,1660426989
Bredasdorp,-34.5322,20.0403,47.98,81,75,14.97,ZA,1660426776
Barrow,71.2906,-156.7887,33.82,93,100,9.22,US,1660426977
Hobart,-42.8794,147.3294,52.27,97,100,21.85,AU,1660426771
Karratha,-20.7377,116.8463,69.06,62,45,6.17,AU,1660426916
Tuktoyaktuk,69.4541,-133.0374,62.6,77,75,9.22,CA,1660426632
Busselton,-33.65,115.3333,53.74,67,42,5.32,AU,1660426981
Fergus Falls,46.283,-96.0776,76.26,64,100,0.0,US,1660426998
Port Lincoln,-34.7333,135.8667,52.47,82,40,6.51,AU,1660426841
Balestrand,61.2076,6.5334,58.15,89,61,1.45,NO,1660427001
Bethel,41.3712,-73.414,78.8,50,75,11.5,US,1660426847
Airai,-8.9266,125.4092,56.17,71,5,3.67,TL,1660426646
Arrifes,37.7667,-25.7,76.23,94,20,9.22,PT,1660427005
Narsaq,60.9167,-46.05,50.22,96,100,2.35,GL,1660426800
Wāliṅ,27.9833,83.7667,74.64,93,100,0.85,NP,1660427009
Tsimmerbude,54.675,20.1347,66.96,77,73,8.63,RU,1660427011
Orlik,52.5178,99.825,48.69,89,85,1.39,RU,1660427012
Provideniya,64.3833,-173.3,44.83,70,99,3.8,RU,1660427014
Wau,7.7029,27.9953,70.43,97,95,2.15,SS,1660427015
Souillac,-20.5167,57.5167,66.58,82,75,16.11,MU,1660426687
Asău,46.4333,26.4,67.28,89,96,4.63,RO,1660427018
Darnah,32.767,22.6367,79.72,74,0,18.12,LY,1660427020
Ostrovnoy,68.0531,39.5131,48.15,80,74,9.13,RU,1660427021
Juneau,58.3019,-134.4197,62.6,100,100,14.97,US,1660426725
Ramnagar,29.4,79.1167,79.75,74,2,3.2,IN,1660427024
Meulaboh,4.1363,96.1285,78.57,83,89,0.49,ID,1660427025
Ketchikan,55.3422,-131.6461,59.47,94,100,11.5,US,1660426931
Dutse,11.7594,9.3392,72.14,88,100,8.7,NG,1660427030
Kumla,59.1277,15.1434,64.33,82,40,1.14,SE,1660427031
Carnarvon,-24.8667,113.6333,62.64,76,0,10.09,AU,1660426830
Naze,28.3667,129.4833,79.72,82,59,8.46,JP,1660427034
Puerto Ayora,-0.7393,-90.3518,76.96,91,99,10.0,EC,1660426987
Damara,4.9608,18.7035,71.64,93,100,1.54,CF,1660427038
Mahébourg,-20.4081,57.7,68.25,82,75,16.11,MU,1660426726
Stara Syniava,49.6032,27.6191,62.58,95,10,6.29,UA,1660427046
Port Hawkesbury,45.6169,-61.3485,73.9,84,75,8.01,CA,1660427048
Abu Samrah,35.3029,37.1841,73.4,72,0,14.67,SY,1660427018
Avarua,-21.2078,-159.775,75.25,88,100,4.61,CK,1660426903
Cape Town,-33.9258,18.4232,53.89,78,75,5.99,ZA,1660426885
Kapaa,22.0752,-159.319,82.47,69,40,12.66,US,1660426645
Kindu,-2.95,25.95,71.47,83,99,2.62,CD,1660427055
Batagay,67.6333,134.6333,46.11,81,85,3.98,RU,1660427058
El Alto,-4.2714,-81.2147,71.26,76,19,14.29,PE,1660427060
Mar del Plata,-38.0023,-57.5575,59.02,60,0,17.0,AR,1660426884
Cherskiy,68.75,161.3,43.27,65,100,6.13,RU,1660426995
Grindavik,63.8424,-22.4338,51.75,81,75,5.75,IS,1660427064
Esperance,-33.8667,121.9,56.25,79,70,20.54,AU,1660426795
Port Elizabeth,-33.918,25.5701,47.32,98,40,6.91,ZA,1660426935
Churapcha,62.0025,132.4325,60.12,72,78,6.73,RU,1660427068
Tomatlán,19.9333,-105.25,85.87,69,79,8.43,MX,1660427070
Plauen,50.5,12.1333,66.83,80,50,2.01,DE,1660427071
Half Moon Bay,37.4636,-122.4286,90.57,61,40,24.16,US,1660426937
Mataura,-46.1927,168.8643,44.47,87,6,2.86,NZ,1660426842
San Patricio,28.017,-97.5169,94.17,54,99,9.46,US,1660426931
Guerrero Negro,27.9769,-114.0611,84.51,52,1,13.82,MX,1660427077
Tuatapere,-46.1333,167.6833,41.27,72,2,4.27,NZ,1660426787
Jamestown,42.097,-79.2353,75.02,51,0,11.5,US,1660426947
Bakel,14.905,-12.4568,76.75,84,78,8.39,SN,1660427081
Anloga,5.7947,0.8973,75.13,87,93,17.74,GH,1660427082
Sorong,-0.8833,131.25,77.4,89,96,7.78,ID,1660427084
Shizukuishi,39.6833,140.9833,75.96,93,89,2.13,JP,1660427085
George Town,5.4112,100.3354,78.89,90,20,3.44,MY,1660427087
Plettenberg Bay,-34.0527,23.3716,51.94,71,14,7.56,ZA,1660427089
Pisco,-13.7,-76.2167,65.01,82,0,10.36,PE,1660426923
Impfondo,1.6381,18.0667,75.9,74,100,2.1,CG,1660426931
Havøysund,70.9963,24.6622,50.23,78,100,14.47,NO,1660427093
Yellowknife,62.456,-114.3525,72.12,43,20,11.5,CA,1660426997
Saint-Philippe,-21.3585,55.7679,65.79,72,52,13.6,RE,1660427074
Vaini,-21.2,-175.2,71.76,78,75,10.36,TO,1660426785
Upernavik,72.7868,-56.1549,44.98,73,100,4.92,GL,1660426833
Águas Vermelhas,-15.7472,-41.46,59.79,82,63,4.27,BR,1660427101
Belmonte,-15.8631,-38.8828,72.19,72,78,13.31,BR,1660427102
Hay River,60.8156,-115.7999,73.38,56,2,9.22,CA,1660427104
Santa Maria,-29.6842,-53.8069,67.3,68,0,4.61,BR,1660427105
Vardø,70.3705,31.1107,53.58,82,75,8.05,NO,1660427029
Turukhansk,65.8167,87.9833,51.19,55,98,13.69,RU,1660427108
Padang,-0.9492,100.3543,77.92,87,99,2.19,ID,1660427111
Tiksi,71.6872,128.8694,40.41,88,42,18.25,RU,1660426817
São Filipe,14.8961,-24.4956,76.33,82,98,11.16,CV,1660426960
Trairi,-3.2778,-39.2689,78.19,75,55,14.05,BR,1660427064
Saint Paul Harbor,57.79,-152.4072,56.71,82,100,8.05,US,1660426948
Helong,42.5397,128.9972,62.62,96,89,3.69,CN,1660427118
Egvekinot,66.3167,-179.1667,38.95,67,88,1.99,RU,1660427119
Kumul,42.8,93.45,75.76,26,43,14.63,CN,1660427121
Hasaki,35.7333,140.8333,81.0,85,70,19.89,JP,1660427123
Torbay,47.6666,-52.7314,67.75,90,75,8.05,CA,1660426974
Ribeira Grande,38.5167,-28.7,76.82,85,8,7.87,PT,1660426897
Albany,42.6001,-73.9662,78.44,42,2,3.24,US,1660426988
Asaba,6.2006,6.7338,73.17,96,100,5.86,NG,1660427128
Härnösand,62.6323,17.9379,60.82,86,46,7.56,SE,1660427130
Bengkulu,-3.8004,102.2655,74.91,89,99,3.51,ID,1660427131
Lake Charles,30.2131,-93.2044,85.98,78,75,12.66,US,1660426875
Oktyabr'skiy,54.4815,53.471,59.18,69,96,5.7,RU,1660427134
Chokurdakh,70.6333,147.9167,38.17,83,75,10.8,RU,1660427136
Lamu,-2.2717,40.902,75.42,87,55,15.19,KE,1660427137
Manadhoo,5.7667,73.3833,81.43,76,20,9.46,MV,1660427139
Dzerzhinsk,56.2389,43.4631,58.82,100,85,0.0,RU,1660427119
Araouane,18.9048,-3.5265,98.89,27,7,5.59,ML,1660427142
Jumla,29.2747,82.1838,60.22,92,34,2.37,NP,1660427011
Lompoc,34.6391,-120.4579,91.78,62,0,14.97,US,1660426684
Río Gallegos,-51.6226,-69.2181,37.45,81,100,19.57,AR,1660426889
Pathein,16.7833,94.7333,75.92,93,100,4.23,MM,1660427147
Ponta do Sol,32.6667,-17.1,74.03,82,75,3.65,PT,1660426990
Chicama,-7.8447,-79.1469,61.34,68,16,9.4,PE,1660427150
Ulladulla,-35.35,150.4667,52.7,60,67,10.96,AU,1660427151
Yeppoon,-23.1333,150.7333,60.58,80,0,2.89,AU,1660427153
Sault Ste. Marie,46.5168,-84.3333,73.69,43,100,6.91,CA,1660427039
Geraldton,-28.7667,114.6,48.61,93,34,11.5,AU,1660427156
Lebu,-37.6167,-73.65,49.24,92,100,13.53,CL,1660426933
Hithadhoo,-0.6,73.0833,82.24,75,79,6.11,MV,1660427158
Chone,-0.6833,-80.1,76.69,79,99,3.91,EC,1660427160
Port Alfred,-33.5906,26.891,54.09,85,21,6.58,ZA,1660426908
Lata,40.1629,-8.3327,57.96,96,14,1.83,PT,1660427159
Mīrābād,30.4362,61.8383,86.67,16,23,24.85,AF,1660427164
Lydenburg,-25.0978,30.4597,63.39,40,1,2.21,ZA,1660427166
Bereket,39.2446,55.5154,84.18,18,0,7.72,TM,1660427167
Caravelas,-17.7125,-39.2481,71.31,61,100,7.7,BR,1660427169
Hong Kong,22.2855,114.1577,82.33,91,6,1.99,HK,1660426872
Butaritari,3.0707,172.7902,81.16,79,22,15.93,KI,1660426791
Hilo,19.7297,-155.09,89.28,71,100,4.0,US,1660426963
New Norfolk,-42.7826,147.0587,51.93,87,100,7.0,AU,1660427089
Durusu,41.3053,28.6767,76.84,85,18,4.0,TR,1660427178
Manokwari,-0.8667,134.0833,77.92,78,97,1.23,ID,1660427179
Sept-Îles,50.2001,-66.3821,72.12,62,20,5.75,CA,1660426934
Klaksvík,62.2266,-6.589,52.72,87,100,8.81,FO,1660426629
Pevek,69.7008,170.3133,34.3,80,81,6.98,RU,1660426846
Harper,4.375,-7.7169,75.83,82,55,10.16,LR,1660427185
Mangai,-4.05,19.5333,75.96,35,8,0.51,CD,1660427186
São Paulo de Olivença,-3.3783,-68.8725,78.85,84,73,3.44,BR,1660427188
Longyearbyen,78.2186,15.6401,42.64,81,75,9.22,SJ,1660426875
Strezhevoy,60.7333,77.5889,53.35,98,99,9.17,RU,1660427192
Constitución,-35.3333,-72.4167,52.83,91,72,7.74,CL,1660426856
Saskylakh,71.9167,114.0833,45.28,66,57,3.78,RU,1660426808
Saint-François,46.4154,3.9054,67.68,45,0,2.3,FR,1660427078
Kawambwa,-9.7915,29.0791,62.08,39,22,2.48,ZM,1660427198
Kununurra,-15.7667,128.7333,60.78,82,8,0.0,AU,1660427050
Heihe,50.2441,127.4902,54.18,89,9,2.75,CN,1660427201
Zonguldak,41.25,31.8333,62.56,86,98,3.0,TR,1660427203
Makakilo City,21.3469,-158.0858,83.95,56,20,14.97,US,1660427204
Aykhal,66.0,111.5,45.52,82,100,6.89,RU,1660427136
Touba,8.2833,-7.6833,69.15,97,100,5.7,CI,1660427207
City of San Pedro,14.35,121.0167,78.03,91,20,4.61,PH,1660427208
Isangel,-19.55,169.2667,71.71,88,75,0.0,VU,1660427210
Sistranda,63.7256,8.834,51.76,76,100,5.06,NO,1660427211
Mount Gambier,-37.8333,140.7667,45.99,95,13,5.97,AU,1660426934
Hede,33.7681,120.2517,82.53,79,79,5.37,CN,1660427214
Castro,-24.7911,-50.0119,56.12,74,100,3.42,BR,1660426848
Te Anau,-45.4167,167.7167,39.61,79,44,1.66,NZ,1660426710
Freeport,40.6576,-73.5832,81.5,40,40,13.8,US,1660427063
Montanha,-18.1269,-40.3633,66.18,70,100,8.77,BR,1660427221
Arrondissement de Millau,44.0833,2.9167,80.73,68,97,8.9,FR,1660427224
Departamento de Maldonado,-34.6667,-54.9167,60.22,92,7,5.84,UY,1660427225
Dikson,73.5069,80.5464,45.0,100,100,6.96,RU,1660426991
Lagoa,39.05,-27.9833,75.11,88,0,10.96,PT,1660426782
Cabo San Lucas,22.8909,-109.9124,93.61,72,40,12.66,MX,1660426666
Samarai,-10.6167,150.6667,79.11,85,83,4.59,PG,1660427232
Emba,48.8264,58.1442,77.43,31,0,3.36,KZ,1660427233
Neuquén,-38.9516,-68.0591,69.69,13,25,25.32,AR,1660427235
Mīnāb,27.1467,57.0801,93.02,39,100,3.49,IR,1660427236
Bambous Virieux,-20.3428,57.7575,68.22,82,75,16.11,MU,1660427238
Cockburn Town,21.4612,-71.1419,84.16,70,40,9.22,TC,1660426836
Port Hedland,-20.3167,118.5667,64.45,72,19,6.91,AU,1660427241
Olinda,-8.0089,-34.8553,78.53,61,40,16.11,BR,1660427091
Nanyang,32.9947,112.5328,78.3,70,92,5.41,CN,1660427137
East London,-33.0153,27.9116,58.06,85,86,10.04,ZA,1660426998
Barabinsk,55.3571,78.357,59.47,93,88,16.06,RU,1660427246
Nuuk,64.1835,-51.7216,52.41,76,75,5.75,GL,1660427057
Ilulissat,69.2167,-51.1,55.42,41,75,18.41,GL,1660427167
Chui,-33.6971,-53.4616,55.85,92,10,5.91,UY,1660426834
Ust-Kuyga,70.0167,135.6,42.46,90,100,4.5,RU,1660427252
Carbonia,39.1672,8.5222,80.01,52,1,2.95,IT,1660427253
Imeni Stepana Razina,54.8932,44.2963,62.76,77,100,5.57,RU,1660427255
Nikolskoye,59.7035,30.7861,63.81,69,97,3.6,RU,1660426814
Kisangani,0.5167,25.2,70.0,96,100,1.12,CD,1660427259
Broken Hill,-31.95,141.4333,43.29,89,6,10.96,AU,1660427066
Muscat,23.6139,58.5922,89.62,65,98,13.15,OM,1660427262
Clyde River,70.4692,-68.5914,39.43,100,100,14.97,CA,1660427263
Salinas,36.6777,-121.6555,94.57,58,0,16.11,US,1660427181
Khatanga,71.9667,102.5,49.06,59,2,8.81,RU,1660427266
Norman Wells,65.282,-126.8329,82.44,28,0,11.5,CA,1660427006
Tasiilaq,65.6145,-37.6368,41.16,64,6,5.79,GL,1660426788
Mwene-Ditu,-7.0,23.45,73.24,28,39,5.23,CD,1660427270
Oistins,13.0667,-59.5333,82.49,83,40,5.75,BB,1660427238
Vendôme,47.8,1.0667,80.89,27,45,9.6,FR,1660427273
Grand Gaube,-20.0064,57.6608,68.38,70,91,5.01,MU,1660427274
Kaitangata,-46.2817,169.8464,43.2,75,5,10.49,NZ,1660426828
Los Llanos de Aridane,28.6585,-17.9182,69.55,90,0,13.8,ES,1660426930
Tezu,27.9167,96.1667,75.38,96,64,4.14,IN,1660427279
Christchurch,-43.5333,172.6333,49.41,81,0,3.44,NZ,1660427122
Wadena,46.4425,-95.1361,73.44,56,75,0.0,US,1660427282
Una,20.8167,71.0333,78.3,89,100,17.83,IN,1660427283
Codrington,-38.2667,141.9667,50.76,88,85,13.96,AU,1660427067
Vao,-22.6667,167.4833,70.75,68,100,21.97,NC,1660427030
Kampot,10.6167,104.1833,77.05,84,8,5.41,KH,1660427290
Rehoboth,-23.3167,17.0833,52.59,36,2,8.08,NA,1660427291
San Cristobal,7.7669,-72.225,75.38,81,75,4.18,VE,1660427293
Oddur,4.1213,43.8894,72.28,70,96,19.6,SO,1660427295
Vestmannaeyjar,63.4427,-20.2734,48.92,90,100,11.63,IS,1660427296
Bud,39.447,-86.1758,79.9,64,47,6.76,US,1660427299
Dunedin,-45.8742,170.5036,45.61,64,0,6.49,NZ,1660427300
Beringovskiy,63.05,179.3167,46.85,76,99,10.51,RU,1660427138
Belyy Yar,53.6039,91.3903,66.09,72,0,11.18,RU,1660427008
Talcahuano,-36.7167,-73.1167,55.08,94,100,13.8,CL,1660427304
Merauke,-8.4667,140.3333,77.54,83,89,10.85,ID,1660427306
Warrnambool,-38.3833,142.4833,52.12,86,77,16.53,AU,1660427307
Pinchote,6.5325,-73.1723,71.65,89,81,3.0,CO,1660427309
Victor Harbor,-35.5667,138.6167,49.68,90,5,2.08,AU,1660427310
Saint-Louis,16.3333,-15.0,87.44,62,100,10.51,SN,1660427312
Minden,52.2833,8.9167,72.09,64,35,4.61,DE,1660427314
Bubaque,11.2833,-15.8333,79.54,79,100,19.66,GW,1660427128
Alausí,-2.2,-78.8333,55.45,67,27,2.91,EC,1660427316
Sittwe,20.15,92.9,79.11,88,100,14.7,MM,1660427318
Ko Samui,9.5357,99.9357,83.46,67,1,0.87,TH,1660427319
Mastic Beach,40.7668,-72.8521,79.59,44,20,10.36,US,1660427119
Mažeikiai,56.3167,22.3333,61.27,75,85,6.06,LT,1660427323
Poli,-3.3333,36.8,57.47,82,57,3.33,TZ,1660427325
Podyuga,61.095,40.8647,50.74,74,2,3.29,RU,1660427326
Fortuna,40.5982,-124.1573,74.93,66,20,16.11,US,1660426597
Paamiut,61.994,-49.6678,43.86,78,100,1.74,GL,1660426969
Pietermaritzburg,-29.6168,30.3928,56.68,94,100,1.52,ZA,1660427331
Pimentel,-6.8367,-79.9342,70.09,64,0,17.27,PE,1660427332
Adrar,20.5022,-10.0711,94.37,30,1,8.52,MR,1660427334
Severo-Kuril'sk,50.6789,156.125,55.81,96,100,9.1,RU,1660427220
Neiafu,-18.65,-173.9833,77.68,61,20,5.75,TO,1660427336
Todos Santos,23.45,-110.2167,95.31,81,58,7.49,MX,1660427338
Birjand,32.8663,59.2211,73.87,18,0,13.8,IR,1660427339
Leningradskiy,69.3833,178.4167,34.9,79,91,5.53,RU,1660426909
Umba,66.6871,34.3429,50.54,81,13,8.86,RU,1660427342
Santiago del Estero,-27.7951,-64.2615,76.82,29,0,7.11,AR,1660427345
Havelock,34.8791,-76.9013,86.05,50,0,14.97,US,1660427347
Nushki,29.5542,66.0215,82.99,54,98,5.14,PK,1660427348
Sibolga,1.7427,98.7792,75.65,92,100,1.34,ID,1660427350
Yinchuan,38.4681,106.2731,76.86,73,83,2.84,CN,1660427351
Alofi,-19.0595,-169.9187,75.09,60,100,10.36,NU,1660427045
Fort Nelson,58.8053,-122.7002,80.19,54,20,0.0,CA,1660427355
Sørland,67.667,12.6934,51.66,82,74,16.49,NO,1660427357
Kruisfontein,-34.0033,24.7314,46.31,83,1,8.28,ZA,1660426955
Nagato,34.3833,131.2,80.67,89,95,9.84,JP,1660427063
Arandas,20.7,-102.35,72.91,52,60,0.6,MX,1660427361
Faanui,-16.4833,-151.75,78.06,76,52,12.01,PF,1660426950
Belaya Gora,68.5333,146.4167,41.18,90,100,13.06,RU,1660427364
Itaituba,-4.2761,-55.9836,84.36,74,20,0.0,BR,1660427365
Carutapera,-1.195,-46.02,77.85,82,60,7.92,BR,1660427265
Paralia Milatou,35.3167,25.5667,81.1,84,0,8.93,GR,1660427368
Colac,-38.3333,143.5833,47.08,96,93,10.09,AU,1660427370
Mehamn,71.0357,27.8492,49.95,93,100,10.36,NO,1660427371
Coyhaique,-45.5752,-72.0662,39.15,81,100,3.44,CL,1660427373
Bayjī,34.9311,43.487,92.3,24,0,11.48,IQ,1660427374
Rentina,40.6574,23.614,72.91,63,9,3.0,GR,1660427376
Nanortalik,60.1432,-45.2371,44.02,99,100,6.44,GL,1660427377
Poum,-20.2333,164.0167,74.34,71,98,22.82,NC,1660427379
Port Blair,11.6667,92.75,80.71,84,100,12.26,IN,1660426750
Chapleau,47.8405,-83.4034,75.29,31,40,5.75,CA,1660427122
Bandarbeyla,9.4942,50.8122,77.02,79,58,30.18,SO,1660427383
Pacific Grove,36.6177,-121.9166,85.24,73,0,12.66,US,1660427187
Kilindoni,-7.9139,39.6668,75.63,76,10,16.46,TZ,1660427386
Okoneshnikovo,54.8377,75.0834,55.63,90,11,10.51,RU,1660427389
Mana,5.6592,-53.7767,80.42,81,58,13.91,GF,1660427329
Labuhan,-6.8844,112.2051,77.86,87,70,6.93,ID,1660427391
Huilong,31.8111,121.655,85.93,87,98,11.1,CN,1660427393
Kostroma,57.7708,40.9344,65.84,58,87,4.52,RU,1660427333
Tawao,4.2498,117.8871,77.13,88,92,1.99,MY,1660427396
Fort Morgan,40.2503,-103.8,94.42,31,0,7.85,US,1660427399
Kalmunai,7.4167,81.8167,79.74,80,100,2.04,LK,1660427400
Umm Kaddadah,13.6017,26.6876,84.13,53,99,11.97,SD,1660427402
Sur,22.5667,59.5289,86.56,63,100,9.89,OM,1660427061
Araranguá,-28.9347,-49.4858,61.61,87,87,1.97,BR,1660427405
Jōetsu,37.1483,138.2364,75.11,94,100,4.18,JP,1660427408
Opotiki,-38.0833,177.2833,44.38,53,0,1.9,NZ,1660427409
Namalenga,-10.95,39.1,64.65,90,70,4.43,TZ,1660427411
Troitsko-Pechorsk,62.7084,56.1964,50.79,78,69,8.03,RU,1660427412
Parabel',58.6978,81.4825,56.16,98,99,8.19,RU,1660427414
Javānrūd,34.7961,46.5172,77.85,25,2,2.21,IR,1660427415
Quatre Cocos,-20.2078,57.7625,68.09,72,81,17.6,MU,1660427212
Laredo,27.5064,-99.5075,100.69,34,40,12.66,US,1660427418
Flin Flon,54.7682,-101.865,75.04,46,40,5.75,CA,1660427420
San Jose,37.3394,-121.895,93.92,42,0,13.8,US,1660426919
Mayo,38.8876,-76.5119,85.1,48,0,8.05,US,1660427391
Kargil,34.5667,76.1,60.19,55,2,7.43,IN,1660427424
General Roca,-39.0333,-67.5833,68.63,32,48,11.18,AR,1660427425
Oromocto,45.8351,-66.4792,75.13,64,75,2.3,CA,1660427427
Rio Grande,-32.035,-52.0986,66.31,86,12,6.49,BR,1660427428
Vanimo,-2.6741,141.3028,77.11,89,99,5.61,PG,1660427077
Batagay-Alyta,67.8006,130.4114,44.19,78,49,2.04,RU,1660427431
Arraial do Cabo,-22.9661,-42.0278,69.66,64,0,13.8,BR,1660427071
Ancud,-41.8697,-73.8203,45.93,79,32,22.5,CL,1660426721
Cap Malheureux,-19.9842,57.6142,68.47,70,89,5.01,MU,1660427435
Wajima,37.4,136.9,80.2,85,68,7.0,JP,1660427437
Katsuura,35.1333,140.3,80.62,84,63,23.38,JP,1660427438
Vangaindrano,-23.35,47.6,63.91,93,27,5.35,MG,1660427440
Pedernales,18.0384,-71.744,84.76,72,91,6.38,DO,1660427441
Moranbah,-22.0016,148.0466,59.23,33,0,4.72,AU,1660427443
Thinadhoo,0.5333,72.9333,81.97,73,96,2.64,MV,1660427147
Gimli,50.6336,-96.9907,81.73,50,54,5.88,CA,1660427051
San Rafael,-34.6177,-68.3301,62.22,37,60,7.7,AR,1660427447
Cidreira,-30.1811,-50.2056,60.93,83,100,6.46,BR,1660427032
Laguna,38.421,-121.4238,98.35,24,0,4.61,US,1660426832
Bertoua,4.5833,13.6833,68.04,98,100,4.61,CM,1660427451
Sadovoye,47.7764,44.5089,82.13,20,55,15.55,RU,1660427453
Siyabuswa,-25.1132,29.0445,62.29,25,0,2.33,ZA,1660427454
Bose,45.4612,8.0137,72.99,70,24,5.08,IT,1660427456
Khovd,48.0056,91.6419,59.38,46,5,6.73,MN,1660427280
Saltillo,25.4167,-101.0,81.28,42,95,1.99,MX,1660427370
Novoorsk,51.381,58.9813,63.25,59,52,9.6,RU,1660427460
San Juan de la Maguana,18.8059,-71.2299,84.74,56,87,8.16,DO,1660427462
Ruteng,-8.6136,120.4721,60.37,93,33,0.65,ID,1660427463
Djibouti,11.5,42.5,85.5,59,100,6.22,DJ,1660427420
Kurmanayevka,52.5093,52.0675,65.93,64,0,6.46,RU,1660427467
Tranås,58.0372,14.9782,64.38,61,99,2.55,SE,1660427469
Antofagasta,-23.65,-70.4,58.28,80,96,7.94,CL,1660427470
Burnie,-41.0667,145.9167,51.94,74,100,13.04,AU,1660427472
Iqaluit,63.7506,-68.5145,51.53,71,75,11.5,CA,1660426642
Hambantota,6.1241,81.1185,79.14,89,20,4.61,LK,1660427475
Mayor Pablo Lagerenza,-19.9309,-60.7718,86.23,35,8,6.35,PY,1660427476
Puerto Nariño,-3.7703,-70.3831,80.58,74,100,3.04,CO,1660427478
Inírida,3.8653,-67.9239,73.74,96,99,0.94,CO,1660427481
Buraidah,26.326,43.975,95.45,18,2,9.44,SA,1660427482
Saint George,37.1041,-113.5841,88.95,45,0,7.0,US,1660427094
Van Wert,40.8695,-84.5841,76.33,62,75,5.99,US,1660427486
Thompson,55.7435,-97.8558,71.76,30,0,0.0,CA,1660426997
Lagunas,-5.2269,-75.6753,89.33,48,8,2.04,PE,1660427491
Severo-Yeniseyskiy,60.3725,93.0408,45.59,72,58,3.65,RU,1660427492
Berlevåg,70.8578,29.0864,51.6,81,100,2.3,NO,1660426861
Pangnirtung,66.1451,-65.7125,45.97,94,100,5.73,CA,1660427495
Coquimbo,-29.9533,-71.3436,58.73,77,0,11.5,CL,1660427265
Kiryat Gat,31.61,34.7642,79.48,100,2,5.26,IL,1660427283
Campbellton,48.0075,-66.6727,70.25,76,100,3.71,CA,1660427499
Estelle,29.8458,-90.1067,91.4,65,75,11.5,US,1660427500
Itarema,-2.9248,-39.9167,78.4,75,92,18.01,BR,1660427503
Siemiatycze,52.4272,22.8623,65.07,93,100,7.23,PL,1660427505
Faya,18.3851,42.4509,69.91,62,97,4.56,SA,1660427396
Le Port,-20.9373,55.2919,67.24,67,57,11.54,RE,1660427508
Teya,60.3778,92.6267,48.63,75,74,2.82,RU,1660427509
Mandalgovi,45.7625,106.2708,53.49,92,9,7.9,MN,1660427511
Saint-Joseph,-21.3667,55.6167,64.78,71,45,13.4,RE,1660427254
Havre-St-Pierre,50.2334,-63.5986,71.96,56,0,5.75,CA,1660427515
Peniche,39.3558,-9.3811,68.29,86,74,9.26,PT,1660427304
Semey,50.4111,80.2275,63.54,54,0,5.95,KZ,1660427518
Plaster Rock,46.9065,-67.39,73.92,75,100,4.61,CA,1660427519
Akdepe,42.0551,59.3788,77.09,30,0,9.91,TM,1660427521
Tessalit,20.1986,1.0114,90.0,34,69,16.69,ML,1660426966
Maicao,11.3832,-72.2432,87.48,54,100,10.67,CO,1660427526
Chagoda,59.164,35.3285,63.12,86,95,3.83,RU,1660427528
Nyurba,63.2842,118.3319,53.06,97,100,6.91,RU,1660427529
Vancouver,49.2497,-123.1193,74.39,61,75,6.91,CA,1660427493
Owando,-0.4819,15.8999,81.75,44,100,2.39,CG,1660427532
Ordynskoye,54.3656,81.8994,63.68,58,50,12.53,RU,1660427534
Yabrūd,33.9674,36.6574,67.55,51,0,1.32,SY,1660427536
Tashla,51.7716,52.7427,67.39,54,0,7.0,RU,1660427537
Chalmette,29.9427,-89.9634,91.4,64,100,11.5,US,1660427539
Ghātanji,20.1333,78.3167,76.03,88,100,11.5,IN,1660427540
Broome,42.2506,-75.833,78.67,38,20,8.05,US,1660427385
Mossamedes,-15.1961,12.1522,64.42,88,55,4.68,AO,1660427274
Charlestown,-32.95,151.6667,51.73,78,37,8.99,AU,1660427544
Santa Isabel Rio Negro,-0.4139,-65.0192,76.75,90,100,2.62,BR,1660427546
Oranjemund,-28.55,16.4333,53.42,82,37,8.19,NA,1660427311
Anamur,36.0751,32.8369,80.67,71,0,10.98,TR,1660427549
Presidente Médici,-11.1753,-61.9014,87.76,30,6,2.24,BR,1660427551
Yangi Marg`ilon,40.4272,71.7189,74.12,46,0,4.61,UZ,1660427554
Alice Springs,-23.7,133.8833,33.35,75,0,0.0,AU,1660427267
Namatanai,-3.6667,152.4333,80.74,72,100,5.28,PG,1660427558
Saldanha,-33.0117,17.9442,51.85,65,55,15.39,ZA,1660427194
Straumen,63.8709,11.2999,57.2,84,89,2.75,NO,1660427561
Datong,40.0936,113.2914,69.66,95,100,7.36,CN,1660427563
Shahreza,32.0339,51.8794,70.02,16,0,1.88,IR,1660427564
Gáldar,28.147,-15.6502,73.35,81,30,12.17,ES,1660427566
Yar-Sale,66.8333,70.8333,50.95,79,100,11.61,RU,1660427115
Verkhovazh'ye,60.7472,42.0465,53.33,76,3,3.42,RU,1660427571
Bac Lieu,9.285,105.7244,77.52,85,5,6.08,VN,1660427572
Oktyabr'skoye,43.0645,44.7417,66.34,100,0,6.71,RU,1660427574
Rosetta,31.4044,30.4164,79.23,68,0,11.5,EG,1660427576
Bilibino,68.0546,166.4372,50.49,60,100,2.51,RU,1660427578
Margate,51.3813,1.3862,73.11,63,2,3.0,GB,1660427478
Byron Bay,-28.65,153.6167,57.7,64,0,6.15,AU,1660427241
Huntsville,34.7304,-86.5861,88.9,57,0,1.99,US,1660427390
Caernarfon,53.1413,-4.2702,68.68,77,30,5.75,GB,1660427585
Afuá,-0.1567,-50.3867,79.72,75,21,10.45,BR,1660427587
Huarmey,-10.0681,-78.1522,65.28,77,36,9.95,PE,1660427373
Gravdal,68.1214,13.5031,50.79,85,66,17.43,NO,1660427591
Talnakh,69.4865,88.3972,51.21,60,97,9.33,RU,1660427581
Ahipara,-35.1667,173.1667,55.72,74,89,2.26,NZ,1660427201
Sugar Hill,34.1065,-84.0335,84.33,61,75,10.36,US,1660427595
Armizonskoye,55.9461,67.6736,53.56,71,0,12.1,RU,1660427597
Vallenar,-28.5708,-70.7581,68.5,37,0,3.53,CL,1660427598
Kachug,53.9606,105.8817,49.77,93,60,2.95,RU,1660427600
Paris,48.8534,2.3488,79.14,37,0,6.91,FR,1660427601
Paka,4.6374,103.4368,76.98,94,76,0.0,MY,1660427603
Meadow Lake,34.8014,-106.5436,92.14,26,26,9.84,US,1660427604
Caniço,32.6333,-16.85,74.03,84,40,6.91,PT,1660427439
Labranzagrande,5.5622,-72.575,68.67,96,100,1.3,CO,1660427607
Sitka,57.0531,-135.33,60.69,77,100,10.36,US,1660427333
Hoa Binh,20.8133,105.3383,76.32,97,74,1.23,VN,1660427611
Srednekolymsk,67.45,153.6833,44.37,60,94,17.6,RU,1660427234
Arman',59.7,150.1667,61.02,89,100,6.73,RU,1660427613
Rocha,-34.4833,-54.3333,54.28,93,3,3.8,UY,1660427555
Nicoya,10.1483,-85.452,81.19,84,90,4.38,CR,1660427616
Muroto-misakicho,33.2833,134.15,83.19,81,90,8.55,JP,1660427618
Koygorodok,60.445,50.9968,53.83,66,79,3.8,RU,1660427619
Olafsvik,64.8945,-23.7142,49.14,76,26,4.92,IS,1660426932
Sola,-13.8833,167.55,77.67,89,75,0.0,VU,1660427623
Mount Isa,-20.7333,139.5,47.97,53,4,4.61,AU,1660427256
Dibulla,11.2725,-73.3091,80.73,83,100,2.89,CO,1660427626
Port Augusta,-32.5,137.7667,43.83,94,22,2.21,AU,1660427309
Dimbokro,6.6451,-4.7048,71.31,98,89,3.38,CI,1660427629
Dolores,-36.3132,-57.6792,54.77,83,25,8.63,AR,1660427630
Kodinsk,58.6881,99.1844,45.27,87,3,2.13,RU,1660427104
Kouango,4.9934,19.9619,71.51,96,100,2.68,CF,1660427633
Ratanpur,22.3,82.1667,76.15,90,100,4.56,IN,1660427635
San-Pédro,4.7485,-6.6363,75.04,85,51,9.08,CI,1660427636
Nexø,55.0607,15.1306,68.09,80,48,12.46,DK,1660427638
Khasan,42.4308,130.6434,66.18,90,65,3.44,RU,1660427639
Mataram,-8.5833,116.1167,76.01,87,7,5.23,ID,1660427641
Yerbogachën,61.2767,108.0108,45.43,83,92,1.45,RU,1660427518
Inta,66.0317,60.1659,46.89,91,100,14.72,RU,1660427644
Suifenhe,44.4,131.1667,58.93,94,0,3.4,CN,1660427645
Hualmay,-11.0964,-77.6139,63.61,77,19,10.04,PE,1660427647
Baruun-Urt,46.6806,113.2792,57.45,90,100,6.42,MN,1660427164
Beyneu,45.3167,55.2,87.28,22,51,9.51,KZ,1660427590
Kaohsiung City,22.6163,120.3133,81.03,84,40,3.44,TW,1660427651
Kidal,18.4411,1.4078,92.39,28,61,8.41,ML,1660427652
Kavieng,-2.5744,150.7967,81.73,74,100,8.93,PG,1660427654
Graaff-Reinet,-32.2522,24.5308,43.92,93,3,5.39,ZA,1660427655
Giddalūr,15.35,78.9167,77.14,72,100,16.11,IN,1660427658
Assiut,27.181,31.1837,84.38,27,0,12.88,EG,1660427118
Avera,33.194,-82.5271,87.55,38,99,6.02,US,1660427252
Maragogi,-9.0122,-35.2225,74.73,70,69,13.24,BR,1660427662
Port Macquarie,-31.4333,152.9167,48.88,63,0,6.96,AU,1660427466
Loa Janan,-0.583,117.095,72.28,98,93,2.48,ID,1660427665
Wajid,3.8093,43.2471,73.8,67,100,19.17,SO,1660427667
Kahului,20.8947,-156.47,84.85,72,8,8.99,US,1660427668
Porto-Novo,6.4965,2.6036,76.82,85,100,11.16,BJ,1660427409
Constantine,36.365,6.6147,83.61,23,0,2.3,DZ,1660427491
Villa Luvianos,18.9167,-100.4,72.16,74,97,2.75,MX,1660427672
Shanhecun,44.7,127.2,61.88,94,77,3.27,CN,1660427674
Ous,60.9058,61.5186,50.49,77,33,7.05,RU,1660427675
Slyudyanka,51.6594,103.7061,55.92,93,100,4.18,RU,1660427677
Vostok,46.4856,135.8833,60.96,75,95,1.63,RU,1660427679
Reyes,-14.3167,-67.3833,83.57,54,11,4.88,BO,1660427680
Gunjur,13.2019,-16.7339,78.87,89,75,8.05,GM,1660427683
Paraíso,9.8383,-83.8656,67.42,91,95,1.3,CR,1660427686
Warrensburg,38.7628,-93.7361,96.39,49,0,16.11,US,1660427430
Reconquista,-29.15,-59.65,68.16,64,0,8.55,AR,1660427689
Chihuahua,28.5,-106.0,85.03,27,62,12.77,MX,1660427442
Sovetskiy,61.3614,63.5842,50.22,80,38,8.32,RU,1660427692
Saint-Pierre,-21.3393,55.4781,66.9,65,0,6.91,RE,1660427693
Château-Thierry,49.05,3.4,74.35,33,8,7.23,FR,1660427695
Kudahuvadhoo,2.6708,72.8944,80.53,79,65,5.14,MV,1660427696
Khāsh,28.2211,61.2158,80.22,20,100,6.64,IR,1660427698
Ixtapa,20.7,-105.2,88.23,69,95,3.0,MX,1660427368
Iquique,-20.2208,-70.1431,60.84,80,85,5.14,CL,1660427700
Coroatá,-4.13,-44.1242,81.84,51,65,3.74,BR,1660427477
Formosa,-26.1775,-58.1781,78.78,50,75,6.51,AR,1660427703
Arrondissement de Sedan,49.6667,5.0,66.4,42,2,5.32,FR,1660427707
Zlobin,45.2924,14.6541,63.7,63,0,5.75,HR,1660427708
Salé,34.0389,-6.8166,75.88,88,40,3.44,MA,1660427710
Daşoguz,41.8363,59.9666,76.95,41,0,9.22,TM,1660427711
Jinchang,38.4953,102.1739,72.54,48,100,4.27,CN,1660427713
Lipari,38.4674,14.954,80.2,74,19,12.66,IT,1660427714
Tarakan,3.3,117.6333,80.1,89,75,8.05,ID,1660427716
Naryan-Mar,67.6713,53.087,47.05,69,96,13.06,RU,1660427717
Wuchi,29.3786,103.023,62.44,94,37,3.58,CN,1660427719
Manavālakurichi,8.1333,77.3,77.65,81,73,15.5,IN,1660427721
Kitaibaraki,36.7833,140.75,76.14,87,97,2.64,JP,1660427722
Karonga,-9.9333,33.9333,68.5,62,1,3.91,MW,1660427724
Pāthardi,19.1667,75.1833,72.59,86,100,14.61,IN,1660427726
Fuling,29.7022,107.3919,80.35,73,41,3.85,CN,1660427727
Fare,-16.7,-151.0167,77.99,76,75,13.85,PF,1660427729
Viedma,-40.8135,-62.9967,63.09,28,100,19.46,AR,1660427731
Beaverlodge,55.2166,-119.4361,78.15,36,65,7.0,CA,1660427732
Matagami,49.7502,-77.6328,73.51,40,75,4.61,CA,1660427497
Östersund,63.1792,14.6357,56.61,100,75,5.75,SE,1660427735
Nouadhibou,20.931,-17.0347,75.18,78,20,9.22,MR,1660427575
Waiuku,-37.25,174.75,56.66,74,9,1.34,NZ,1660427738
Lumeje,-11.55,20.7833,66.94,24,18,3.36,AO,1660427740
Taltal,-25.4,-70.4833,59.36,77,58,7.07,CL,1660427420
Suşehri,40.1644,38.0867,65.8,89,1,4.05,TR,1660427743
Tautira,-17.7333,-149.15,77.23,78,75,14.65,PF,1660427686
Moura,38.1401,-7.4486,68.11,52,31,7.54,PT,1660427749
Puerto del Rosario,28.5004,-13.8627,74.95,73,20,13.8,ES,1660427751
Yongzhou,26.4559,111.5988,77.49,83,20,4.65,CN,1660427752
Okato,-39.2,173.8833,45.68,72,0,5.37,NZ,1660427754
Bambanglipuro,-7.95,110.2833,75.18,92,58,1.66,ID,1660427756
Mauá,-23.6678,-46.4614,69.26,83,3,3.15,BR,1660427758
Minuri,16.535,121.8574,74.14,95,100,1.86,PH,1660427759
Pachino,36.7186,15.0907,80.31,72,1,13.15,IT,1660427761
Cotonou,6.3654,2.4183,76.98,88,20,12.66,BJ,1660427762
Forsytheganj,52.6333,29.7333,63.45,89,99,8.05,BY,1660427764
Flinders,-34.5833,150.8552,54.37,68,96,7.0,AU,1660427569
Abhā,18.2164,42.5053,69.62,88,98,4.61,SA,1660427767
Zvishavane,-20.3267,30.0665,65.32,26,0,4.92,ZW,1660427769
Cascais,38.6979,-9.4215,70.47,70,17,13.0,PT,1660427771
Kanel,15.4916,-13.1763,84.2,84,0,2.3,SN,1660427774
Norton Shores,43.1689,-86.2639,59.02,77,100,27.63,US,1660427642
Shirokaya Rechka,56.7986,60.4852,47.66,79,2,4.65,RU,1660427776
Haapiti,-17.5667,-149.8667,83.93,76,39,15.99,PF,1660427778
Merritt Island,28.5392,-80.672,84.04,72,75,5.75,US,1660427779
Turtas,58.9417,69.1325,52.21,91,100,11.14,RU,1660427781
Mendeleyevsk,55.9082,52.2905,60.04,63,90,5.28,RU,1660427784
Mudgee,-32.5943,149.5871,43.63,100,75,6.91,AU,1660427785
Tabou,4.423,-7.3528,75.22,84,39,9.53,CI,1660427399
Praia,14.9215,-23.5087,79.34,69,75,12.66,CV,1660427788
Lavrentiya,65.5833,-171.0,39.97,69,87,15.01,RU,1660427790
Cayenne,4.9333,-52.3333,84.24,1,0,9.22,GF,1660427791
Pontian Kecil,1.4801,103.3899,75.52,85,93,3.09,MY,1660427793
Pochutla,15.7432,-96.4661,83.82,67,80,6.04,MX,1660427795
Sol'-Iletsk,51.1631,54.9918,67.86,58,10,8.5,RU,1660427796
Pundaguitan,6.3711,126.1689,82.67,78,84,14.97,PH,1660427798
Aklavik,68.2191,-135.0107,69.19,46,27,14.34,CA,1660427799
San Antonio,29.4241,-98.4936,102.65,32,20,11.5,US,1660427735
Ternate,0.8,127.4,80.35,78,92,5.21,ID,1660427802
Lufilufi,-13.8745,-171.5986,82.18,74,100,8.55,WS,1660427803
The Valley,18.217,-63.0578,85.86,74,40,11.5,AI,1660427805
Yumen,40.2833,97.2,73.47,33,100,8.46,CN,1660427806
Tokur,53.1333,132.9,50.72,93,35,1.25,RU,1660427808
Wanning,18.8003,110.3967,78.58,88,38,3.83,CN,1660427810
Rawson,-43.3002,-65.1023,62.89,36,0,23.02,AR,1660427811
Sobolevo,54.4299,31.8996,62.73,91,97,7.61,RU,1660427570
Saint Anthony,45.0205,-93.218,71.38,68,100,13.8,US,1660427342
Sulangan,11.1373,123.7228,83.3,72,95,3.78,PH,1660427815
Lorengau,-2.0226,147.2712,82.36,71,100,6.55,PG,1660427726
Tura,25.5198,90.2201,74.52,93,100,5.26,IN,1660427818
Russell,32.3502,-85.1999,87.08,62,0,4.61,US,1660427128
Jasper,37.2001,-94.3502,97.0,49,43,1.01,US,1660427821
Keti Bandar,24.1447,67.4497,80.13,83,99,18.07,PK,1660427823
Skagen,57.7209,10.5839,66.52,73,15,6.58,DK,1660427824
Morón,-34.6534,-58.6198,67.93,74,7,5.99,AR,1660427778
Bassar,9.25,0.7833,71.73,95,94,4.09,TG,1660427828
La Paz,-16.5,-68.15,66.18,10,20,9.22,BO,1660427830
Chuzhou,32.3219,118.2978,82.78,68,100,5.35,CN,1660427831
Bahir Dar,11.5936,37.3908,59.95,96,100,3.4,ET,1660427833
Lerik,38.7726,48.4128,58.64,33,0,3.06,AZ,1660427836
Øksfjord,70.2396,22.3479,50.18,75,100,7.0,NO,1660427837
Muros,42.7762,-9.0603,62.17,91,3,2.26,ES,1660427839
Coahuayana Viejo,18.7333,-103.6833,82.99,78,82,6.06,MX,1660427840
Yakeshi,49.2833,120.7333,55.85,82,100,2.13,CN,1660427842
Nukus,42.4531,59.6103,75.18,41,0,4.61,UZ,1660427844
Port Townsend,48.117,-122.7605,76.66,64,100,5.75,US,1660427828
Vila Velha,-20.3297,-40.2925,73.35,64,75,4.61,BR,1660427253
Nantucket,41.2835,-70.0995,72.09,50,11,9.86,US,1660427831
Northam,51.0333,-4.2167,74.39,56,100,6.89,GB,1660427849
Khon Kaen,16.5,102.0833,74.43,89,78,2.53,TH,1660427851
Muravlenko,63.7898,74.523,49.71,88,100,23.51,RU,1660427853
Nānākuli,21.3906,-158.1547,84.42,60,27,10.25,US,1660427855
Brae,60.3964,-1.353,56.03,95,68,6.6,GB,1660427579
